ff8d2b39f82fbed7393ac3d37d3a72e54ad6825882e8ffc076b2bba0169808cc	5134	scripts/audit_log.py
0e56360f3ea1757d62fb113c1339958f1084ed8257427c0f50bfb043e74880eb	11507	scripts/audit_seal.py
10d233cae2b25cc1fa3129aae1497c07d88d0b519d5f6958558f50788d082a4a	1124	scripts/check_loop_stop.py
0940c8d1b63637502412539f7de319252bf271f05cbbc8856b436d70466c2bd0	598	scripts/control_main.py
0ee21f23665d3aa051551d8351022ebeaa3785c238cf90f859322737646668af	5066	scripts/loop_state.py
6b13e865ecea9dc2fcbb28b092d59afa634bc612be3f9b3f41c7b1b895d56854	18262	scripts/quality_gate.py
12aa788e65c9816d8ae1509771146f986ea839e40d80661e84955365c9c1d363	5758	scripts/test.py
0b566e37c2d3d6deaebaae597e88a58aefcde9914445aa4b7e972090db735393	9670	scripts/run_validation.py
beee22add88e44444a7e019d0cd86472c24c4c95528ef777785447e5e598c51e	2436	scripts/traceability_check.py
7ad46808220d01c5d54ef8ce071fc8191b370f68c2909bb0003188ea816bf04c	4182	scripts/validate_opencode.py
48da818d6d570cf58236ca1913328aba90651e8543c39e4fe463fa625fe9686b	23706	scripts/split_packages.py
27eb31ec236d8f333bd2283e2f7d31f649060a425901e8963c3cb66cc3acb5bf	4634	scripts/archive_records.py
